<annotation>
	<folder>images</folder>
	<filename>videoplayback2807.jpg</filename>
	<path>C:\Users\Craig\Desktop\Berkeley\w251\Week8\MIDS_HW8\images\videoplayback2807.jpg</path>
	<source>
		<database>Unknown</database>
	</source>
	<size>
		<width>1000</width>
		<height>563</height>
		<depth>3</depth>
	</size>
	<segmented>0</segmented>
	<object>
		<name>Darth Fighter</name>
		<pose>Unspecified</pose>
		<truncated>0</truncated>
		<difficult>0</difficult>
		<bndbox>
			<xmin>419</xmin>
			<ymin>255</ymin>
			<xmax>475</xmax>
			<ymax>313</ymax>
		</bndbox>
	</object>
	<object>
		<name>Darth Fighter</name>
		<pose>Unspecified</pose>
		<truncated>0</truncated>
		<difficult>0</difficult>
		<bndbox>
			<xmin>656</xmin>
			<ymin>202</ymin>
			<xmax>717</xmax>
			<ymax>264</ymax>
		</bndbox>
	</object>
</annotation>
