<annotation>
	<folder>images</folder>
	<filename>videoplayback2801.jpg</filename>
	<path>C:\Users\Craig\Desktop\Berkeley\w251\Week8\MIDS_HW8\images\videoplayback2801.jpg</path>
	<source>
		<database>Unknown</database>
	</source>
	<size>
		<width>1000</width>
		<height>563</height>
		<depth>3</depth>
	</size>
	<segmented>0</segmented>
	<object>
		<name>Darth Fighter</name>
		<pose>Unspecified</pose>
		<truncated>0</truncated>
		<difficult>0</difficult>
		<bndbox>
			<xmin>338</xmin>
			<ymin>290</ymin>
			<xmax>380</xmax>
			<ymax>348</ymax>
		</bndbox>
	</object>
	<object>
		<name>Darth Fighter</name>
		<pose>Unspecified</pose>
		<truncated>0</truncated>
		<difficult>0</difficult>
		<bndbox>
			<xmin>622</xmin>
			<ymin>209</ymin>
			<xmax>673</xmax>
			<ymax>265</ymax>
		</bndbox>
	</object>
</annotation>
