<annotation>
	<folder>images</folder>
	<filename>videoplayback2783.jpg</filename>
	<path>C:\Users\Craig\Desktop\Berkeley\w251\Week8\MIDS_HW8\images\videoplayback2783.jpg</path>
	<source>
		<database>Unknown</database>
	</source>
	<size>
		<width>1000</width>
		<height>563</height>
		<depth>3</depth>
	</size>
	<segmented>0</segmented>
	<object>
		<name>Darth Fighter</name>
		<pose>Unspecified</pose>
		<truncated>0</truncated>
		<difficult>0</difficult>
		<bndbox>
			<xmin>10</xmin>
			<ymin>328</ymin>
			<xmax>47</xmax>
			<ymax>382</ymax>
		</bndbox>
	</object>
	<object>
		<name>Darth Fighter</name>
		<pose>Unspecified</pose>
		<truncated>0</truncated>
		<difficult>0</difficult>
		<bndbox>
			<xmin>413</xmin>
			<ymin>206</ymin>
			<xmax>456</xmax>
			<ymax>262</ymax>
		</bndbox>
	</object>
</annotation>
