<annotation>
	<folder>images</folder>
	<filename>videoplayback2789.jpg</filename>
	<path>C:\Users\Craig\Desktop\Berkeley\w251\Week8\MIDS_HW8\images\videoplayback2789.jpg</path>
	<source>
		<database>Unknown</database>
	</source>
	<size>
		<width>1000</width>
		<height>563</height>
		<depth>3</depth>
	</size>
	<segmented>0</segmented>
	<object>
		<name>Darth Fighter</name>
		<pose>Unspecified</pose>
		<truncated>0</truncated>
		<difficult>0</difficult>
		<bndbox>
			<xmin>112</xmin>
			<ymin>331</ymin>
			<xmax>156</xmax>
			<ymax>388</ymax>
		</bndbox>
	</object>
	<object>
		<name>Darth Fighter</name>
		<pose>Unspecified</pose>
		<truncated>0</truncated>
		<difficult>0</difficult>
		<bndbox>
			<xmin>479</xmin>
			<ymin>220</ymin>
			<xmax>520</xmax>
			<ymax>272</ymax>
		</bndbox>
	</object>
</annotation>
