<annotation>
	<folder>images</folder>
	<filename>videoplayback2813.jpg</filename>
	<path>C:\Users\Craig\Desktop\Berkeley\w251\Week8\MIDS_HW8\images\videoplayback2813.jpg</path>
	<source>
		<database>Unknown</database>
	</source>
	<size>
		<width>1000</width>
		<height>563</height>
		<depth>3</depth>
	</size>
	<segmented>0</segmented>
	<object>
		<name>Darth Fighter</name>
		<pose>Unspecified</pose>
		<truncated>0</truncated>
		<difficult>0</difficult>
		<bndbox>
			<xmin>467</xmin>
			<ymin>260</ymin>
			<xmax>530</xmax>
			<ymax>322</ymax>
		</bndbox>
	</object>
	<object>
		<name>Darth Fighter</name>
		<pose>Unspecified</pose>
		<truncated>0</truncated>
		<difficult>0</difficult>
		<bndbox>
			<xmin>686</xmin>
			<ymin>245</ymin>
			<xmax>756</xmax>
			<ymax>317</ymax>
		</bndbox>
	</object>
</annotation>
